﻿{
  "IdEnabled": true,
  "IdUrl": "http://10.0.0.113:5000/api/clientid",
  "IdFormat": "guestlocal",
  "IdFormatKey": "guestinfo.id",
  "IdFormatValue": "$formatkeyvalue$-$machinename$",
  "VMWareToolsLocation": "C:\\progra~1\\VMware\\VMware Tools\\vmtoolsd.exe",
  "EncodeHeaders": true,
  "ClientResults": {
    "IsEnabled": true,
    "IsSecure": false,
    "PostUrl": "http://10.0.0.113:5000/api/clientresults",
    "CycleSleep": 9000
  },
  "ClientUpdates": {
    "IsEnabled": true,
    "PostUrl": "http://10.0.0.113:5000/api/clientupdates",
    "CycleSleep": 9000
  },
  "Survey": {
    "IsEnabled": true,
    "IsSecure": false,
    "Frequency": "once",
    "CycleSleepMinutes": 5,
    "OutputFormat": "indent",
    "PostUrl": "http://10.0.0.113:5000/api/clientsurvey"
  },
  "Content": {
    "EmailContent": "",
    "EmailReply": "",
    "EmailDomain": "",
    "EmailOutside": "",
    "FileNames": "",
    "Dictionary": ""
  },
  "HealthIsEnabled": true,
  "HandlersIsEnabled": true,
  "ChromeExtensions": "",
  "FirefoxInstallLocation": "",
  "FirefoxMajorVersionMinimum": 48,
  "OfficeDocsMaxAgeInHours": 6,
  "Email": {
    "RecipientsToMin": 1,
    "RecipientsToMax": 3,
    "RecipientsCcMin": 0,
    "RecipientsCcMax": 2,
    "RecipientsBccMin": 2,
    "RecipientsBccMax": 2,
    "RecipientsOutsideMin": 0,
    "RecipientsOutsideMax": 1,
    "SetAccountFromConfig": false,
    "SetAccountFromLocal": false,
    "SetForcedSendReceive": true,
    "SaveToOutbox": false,
    "EmailDomainSearchString": "Get-ADUser -filter * -searchbase \"CN=USERS,DC=JRSS,DC=GOV\" -properties UserPrincipalName | select -expand UserPrincipalName"
  },
  "Listener": {
    "Port": -1
  },
  "EmailContent": {
    "conflict_1_capital": "",
    "conflict_1_name": "",
    "conflict_1_peoples": "",
    "conflict_1_president": "",
    "localized_flashpoint_locale": "",
    "friendly_nation_leader_lastname": "",
    "friendly_nation_leader_name": "",
    "friendly_nation_name": "",
    "friendly_nation_peoples": "",
    "commander_title": "",
    "commander_name": "",
    "commander_initials": "",
    "commander_lastname": "",
    "commander_email": "",
    "commander_sub1": "",
    "commander_sub2": "",
    "us_president": "",
    "iraq": "",
    "iraqi": "",
    "iran": "",
    "iranian": "",
    "china": "",
    "chinese": "",
    "russia": "",
    "azerbaijan": "",
    "turkish": "",
    "turkey": "",
    "pakistani": "",
    "pakistan": "",
    "palestinian": "",
    "palestine": "",
    "gaza": "",
    "korea": ""
  }
}
