{
    "Status": "Run",
    "TimeLineHandlers": [
        {
            "HandlerType": "BrowserFirefox",
            "HandlerArgs": {
                "isheadless": "false",
                "blockimages": "false",
                "blockstyles": "false",
                "blockflash": "false",
                "blockscripts": "false",
                "stickiness": "65",
                "stickiness-depth-min": "3",
                "stickiness-depth-max": "15",
                "incognito": "true",
                "javascript-enable": "true",
                "visited-remember": "10"
            },
            "Initial": "about:blank",
            "UtcTimeOn": "00:00:00",
            "UtcTimeOff": "24:00:00",
            "Loop": "True",
            "TimeLineEvents": [
                {
                    "Command": "random",
                    "CommandArgs": [
                        "https://mag.wcoomd.org/uploads/2018/05/blank.pdf"
                    ],
                    "DelayAfter": 3000,
                    "DelayBefore": 0
                }
            ]
        }
    ]
}