{
    "Status": "Run",
    "TimeLineHandlers": [
        {
            "HandlerType": "Command",
            "Initial": "",
            "UtcTimeOn": "14:00:00",
            "UtcTimeOff": "23:00:00",
            "Loop": "True",
            "TimeLineEvents": [
                {
                    "Command": "explorer \\\\dc\\tools",
                    "CommandArgs": [
                        "exit"
                    ],
                    "DelayAfter": 900000,
                    "DelayBefore": 0
                }
            ]
        },
        {
            "HandlerType": "Word",
            "Initial": "",
            "UtcTimeOn": "14:00:00",
            "UtcTimeOff": "23:00:00",
            "Loop": "True",
            "TimeLineEvents": [
                {
                    "Command": "create",
                    "CommandArgs": [ "%homepath%\\Documents" ],
                    "DelayAfter": 900000,
                    "DelayBefore": 0
                }
            ]
        },
        {
            "HandlerType": "Excel",
            "Initial": "",
            "UtcTimeOn": "14:00:00",
            "UtcTimeOff": "23:00:00",
            "Loop": "True",
            "TimeLineEvents": [
                {
                    "Command": "create",
                    "CommandArgs": [ "%homepath%\\Documents" ],
                    "DelayAfter": 900000,
                    "DelayBefore": 0
                }
            ]
        },
        {
            "HandlerType": "PowerPoint",
            "Initial": "",
            "UtcTimeOn": "14:00:00",
            "UtcTimeOff": "23:00:00",
            "Loop": "True",
            "TimeLineEvents": [
                {
                    "Command": "create",
                    "CommandArgs": [ "%homepath%\\Documents" ],
                    "DelayAfter": 900000,
                    "DelayBefore": 0
                }
            ]
        },
        {
            "HandlerType": "BrowserChrome",
            "HandlerArgs": {
                "isheadless": "false",
                "blockimages": "true",
                "blockstyles": "true",
                "blockflash": "true",
                "blockscripts": "true",
                "stickiness": 75,
                "stickiness-depth-min": 5,
                "stickiness-depth-max": 100000,
                "incognito": "true"
            },
            "Initial": "about:blank",
            "UtcTimeOn": "14:00:00",
            "UtcTimeOff": "23:00:00",
            "Loop": "True",
            "TimeLineEvents": [
                {
                    "Command": "random",
                    "CommandArgs": [
                        "http://Domain",
                        "http://google.com",
                        "http://facebook.com",
                        "http://youtube.com",
                        "http://twitter.com",
                        "http://instagram.com",
                        "http://linkedin.com",
                        "http://apple.com",
                        "http://microsoft.com",
                        "http://wikipedia.org",
                        "http://wordpress.org",
                        "http://googletagmanager.com",
                        "http://youtu.be",
                        "http://en.wikipedia.org",
                        "http://pinterest.com",
                        "http://play.google.com",
                        "http://vimeo.com",
                        "http://plus.google.com",
                        "http://maps.google.com",
                        "http://goo.gl",
                        "http://github.com",
                        "http://adobe.com",
                        "http://bit.ly",
                        "http://wordpress.com",
                        "http://docs.google.com",
                        "http://blogspot.com",
                        "http://itunes.apple.com",
                        "http://player.vimeo.com",
                        "http://amazon.com",
                        "http://macromedia.com",
                        "http://mozilla.org",
                        "http://consortiumeducation.com",
                        "http://yahoo.com",
                        "http://drive.google.com",
                        "http://apps.apple.com",
                        "http://tumblr.com",
                        "http://europa.eu",
                        "http://whatsapp.com",
                        "http://flickr.com",
                        "http://gravatar.com",
                        "http://reddit.com",
                        "http://nih.gov",
                        "http://qq.com",
                        "http://nytimes.com",
                        "http://amazonaws.com",
                        "http://sites.google.com",
                        "http://api.whatsapp.com",
                        "http://apache.org",
                        "http://soundcloud.com",
                        "http://w3.org",
                        "http://forbes.com",
                        "http://policies.google.com",
                        "http://github.io",
                        "http://medium.com",
                        "http://t.co",
                        "http://go.microsoft.com",
                        "http://support.apple.com",
                        "http://zoom.us",
                        "http://ec.europa.eu",
                        "http://baidu.com",
                        "http://www.ncbi.nlm.nih.gov",
                        "http://archive.org",
                        "http://theguardian.com",
                        "http://sourceforge.net",
                        "http://forms.gle",
                        "http://spotify.com",
                        "http://cnn.com",
                        "http://miit.gov.cn",
                        "http://creativecommons.org",
                        "http://dropbox.com",
                        "http://who.int",
                        "http://wixsite.com",
                        "http://bbc.co.uk",
                        "http://paypal.com",
                        "http://issuu.com",
                        "http://vk.com",
                        "http://m.facebook.com",
                        "http://beian.miit.gov.cn",
                        "http://weebly.com",
                        "http://cdc.gov",
                        "http://open.spotify.com",
                        "http://bbc.com",
                        "http://cloudflare.com",
                        "http://t.me",
                        "http://tinyurl.com",
                        "http://sciencedirect.com",
                        "http://reuters.com",
                        "http://developers.google.com",
                        "http://washingtonpost.com",
                        "http://oracle.com",
                        "http://youtube-nocookie.com",
                        "http://httpd.apache.org",
                        "http://web.archive.org",
                        "http://wa.me",
                        "http://opera.com",
                        "http://harvard.edu",
                        "http://imdb.com",
                        "http://bloomberg.com",
                        "http://wsj.com",
                        "http://php.net",
	                    "https://mag.wcoomd.org/uploads/2018/05/blank.pdf",
                        "http://www.ceoexpress.com",
                        "http://wikipedia.org",
                        "http://ebay.com",
                        "http://craigslist.org",
                        "http://reddit.com",
                        "http://instagram.com",
                        "http://imdb.com",
                        "http://huffingtonpost.com",
                        "http://nytimes.com",
                        "http://msn.com",
                        "http://buzzfeed.com",
                        "http://homedepot.com",
                        "http://target.com",
                        "http://bestbuy.com",
                        "http://about.com",
                        "http://intuit.com",
                        "http://cnet.com",
                        "http://verizonwireless.com",
                        "http://reference.com",
                        "http://fedex.com",
                        "http://ancestry.com",
                        "http://swagbucks.com",
                        "http://comcast.com",
                        "http://hp.com",
                        "http://steamcommunity.com",
                        "http://wow.com",
                        "http://wikimedia.org",
                        "http://io9.com",
                        "http://dailymotion.com",
                        "http://nbcsports.com",
                        "http://walgreens.com",
                        "http://match.com",
                        "http://photobucket.com",
                        "http://barnesandnoble.com",
                        "http://bhphotovideo.com",
                        "http://nhl.com",
                        "http://archive.org",
                        "http://merriam-webster.com",
                        "http://booking.com",
                        "http://bodybuilding.com",
                        "http://sourceforge.net",
                        "http://evite.com",
                        "http://careerbuilder.com",
                        "http://shareasale.com",
                        "http://www.abs-cbnnews.com",
                        "http://roblox.com",
                        "http://lotterypost.com",
                        "http://www.dfas.mil",
                        "http://www.dia.mil",
                        "http://www.careerjournal.com",
                        "http://www.jacksonhewitt.com",
                        "http://factcheck.org",
                        "http://audacityteam.org",
                        "http://7-zip.org",
                        "http://amazon.com",
                        "http://cnn.com",
                        "http://espn.go.com",
                        "http://apple.com",
                        "http://aol.com",
                        "http://comcast.net",
                        "http://www.thelayoff.com",
                        "http://groupon.com",
                        "http://stackoverflow.com",
                        "http://usatoday.com",
                        "http://slickdeals.net",
                        "http://businessinsider.com",
                        "http://dailymail.co.uk",
                        "http://lowes.com",
                        "http://bleacherreport.com",
                        "http://macys.com",
                        "http://webmd.com",
                        "http://trulia.com",
                        "http://answers.com",
                        "http://newegg.com",
                        "http://deviantart.com",
                        "http://nih.gov",
                        "http://wsj.com",
                        "http://theguardian.com",
                        "http://goodreads.com",
                        "http://force.com",
                        "http://wunderground.com",
                        "http://ca.gov",
                        "http://overstock.com",
                        "http://nbcnews.com",
                        "http://drudgereport.com",
                        "http://tmz.com",
                        "http://okcupid.com",
                        "http://bloomberg.com",
                        "http://accuweather.com",
                        "http://infusionsoft.com",
                        "http://meetup.com",
                        "http://woot.com",
                        "http://abcnews.go.com",
                        "http://godaddy.com",
                        "http://mashable.com",
                        "http://people.com",
                        "http://xfinity.com",
                        "http://mailchimp.com",
                        "http://united.com",
                        "http://allrecipes.com",
                        "http://samsclub.com",
                        "http://4dsply.com",
                        "http://indiatimes.com",
                        "http://rei.com",
                        "http://cars.com",
                        "http://myway.com",
                        "http://toysrus.com",
                        "http://stumbleupon.com",
                        "http://greatergood.com",
                        "http://thefreedictionary.com",
                        "http://orbitz.com",
                        "http://java.com",
                        "http://www.move.mil",
                        "http://ign.com",
                        "http://lifehacker.com",
                        "http://retailmenot.com",
                        "http://nordstrom.com",
                        "http://sears.com",
                        "http://slate.com",
                        "http://ticketmaster.com",
                        "http://nba.com",
                        "http://houzz.com",
                        "http://dell.com",
                        "http://disney.com",
                        "http://wayfair.com",
                        "http://ehow.com",
                        "http://bridaltune.com",
                        "http://duckduckgo.com",
                        "http://consumerreports.org",
                        "http://zergnet.com",
                        "http://directv.com",
                        "http://edmunds.com",
                        "http://fiverr.com",
                        "http://gamespot.com",
                        "http://icims.com",
                        "http://seekingalpha.com",
                        "http://androidcentral.com",
                        "http://citrix.com",
                        "http://nbc.com",
                        "http://politico.com",
                        "http://timeanddate.com",
                        "http://cmu.edu",
                        "http://cert.org",
                        "http://sei.cmu.edu",
                        "http://www.army.mil",
                        "http://www.navy.mil",
                        "http://www.af.mil",
                        "http://www.marines.mil",
                        "http://tricare.mil",
                        "http://www.dla.mil",
                        "http://www.darpa.mil",
                        "http://militaryonesource.mil",
                        "http://www.dma.mil",
                        "http://www.dss.mil",
                        "http://cac.mil",
                        "http://www.jcs.mil",
                        "http://www.africom.mil",
                        "http://mda.mil",
                        "http://www.dcma.mil",
                        "http://dsca.mil",
                        "http://health.mil",
                        "http://www.soc.mil",
                        "http://www.jsf.mil",
                        "http://www.norad.mil",
                        "http://www.dcaa.mil",
                        "http://ssa.gov",
                        "http://www.1040.com",
                        "http://www.adexa.com",
                        "http://www.ithound.com",
                        "http://mobile.thehill.com",
                        "http://modeling.about.com",
                        "http://modeltrains.about.com",
                        "http://money.cnn.com",
                        "http://ccleaner.com",
                        "http://qbittorrent.org",
                        "http://gimp.org",
                        "http://spotify.com",
                        "http://weebly.com",
                        "http://ups.com",
                        "http://npr.org",
                        "http://adobe.com",
                        "http://likes.com",
                        "http://coupons.com",
                        "http://mint.com",
                        "http://cracked.com",
                        "http://yellowpages.com",
                        "http://deadspin.com",
                        "http://cbs.com",
                        "http://hootsuite.com",
                        "http://fitbit.com",
                        "http://ew.com",
                        "http://legacy.com",
                        "http://marketwatch.com",
                        "http://audible.com",
                        "http://qvc.com",
                        "http://faithtap.com",
                        "http://hgtv.com",
                        "http://wix.com",
                        "http://today.com",
                        "http://littlethings.com",
                        "http://kbb.com",
                        "http://wordpress.org",
                        "http://addthis.com",
                        "http://kotaku.com",
                        "http://ebates.com",
                        "http://slideshare.net",
                        "http://popsugar.com",
                        "http://jezebel.com",
                        "http://moba-stream.com",
                        "http://chicagotribune.com",
                        "http://reuters.com",
                        "http://fool.com",
                        "http://tvguide.com",
                        "http://distractify.com",
                        "http://usnews.com",
                        "http://topix.com",
                        "http://bizjournals.com",
                        "http://city-data.com",
                        "http://shutterstock.com",
                        "http://vrbo.com",
                        "http://mozilla.org",
                        "http://officedepot.com",
                        "http://jalopnik.com",
                        "http://hollywoodreporter.com",
                        "http://xda-developers.com",
                        "http://macrumors.com",
                        "http://ny.gov",
                        "http://cafemom.com",
                        "http://worldstarhiphop.com",
                        "http://conservativetribune.com",
                        "http://kmart.com",
                        "http://speedtest.net",
                        "http://stanford.edu",
                        "http://viralnova.com",
                        "http://investopedia.com",
                        "http://tigerdirect.com",
                        "http://foxsports.com",
                        "http://4chan.org",
                        "http://trello.com",
                        "http://fatwallet.com",
                        "http://arstechnica.com",
                        "http://lwn.net",
                        "http://www.nationalguard.mil",
                        "http://google.com",
                        "http://wireshark.org",
                        "http://www.yss.com",
                        "http://zenhabits.net",
                        "http://zea.wikipedia.org",
                        "http://za.wikipedia.org",
                        "http://youreconomy.org",
                        "http://yucatan.backpage.mx",
                        "http://youngstown.backpage.com",
                        "http://youngadults.about.com",
                        "http://yahoo.match.com",
                        "http://xfinity.cnbc.com",
                        "http://www.cdc.gov",
                        "http://www.zergnet.com",
                        "http://www.ziffdavis.com",
                        "http://www.zepol.com",
                        "http://www.yourmiddleeast.com",
                        "http://www.yummynames.com",
                        "http://www.yss.com",
                        "http://www.yourversion.com",
                        "http://www.yhd.com",
                        "http://www.worldairlineawards.com",
                        "http://www.womenshealthmag.com",
                        "http://www.wolframalpha.com",
                        "http://www.wolfram.com",
                        "http://www.witi.com",
                        "http://www.wiseradar.com",
                        "http://www.winzip.com",
                        "http://www.wine.com",
                        "http://www.wimp.com",
                        "http://www.vos.noaa.gov",
                        "http://www.visitorville.com",
                        "http://www.vikings.com",
                        "http://www.vice.com",
                        "http://www.va.gov",
                        "http://www.usxpress.com",
                        "http://www.usairways.com",
                        "http://www.twilert.com",
                        "http://www.tvguide.com",
                        "http://www.tribpub.com",
                        "http://www.traveltune.com",
                        "http://www.travelpod.com",
                        "http://www.trackurstatus.com",
                        "http://www.toptensocialmedia.com",
                        "http://www.toptenreviews.com",
                        "http://www.surfwax.com",
                        "http://www.sublimetext.com",
                        "http://www.stratcom.mil",
                        "http://www.stopfakes.gov",
                        "http://www.stanford.edu",
                        "http://www.stanfordchildrens.org",
                        "http://www.spotify.com",
                        "http://www.spj.org",
                        "http://www.score.org",
                        "http://www.science.gov",
                        "http://www.rollingstone.com",
                        "http://www.rferl.org",
                        "http://www.register.com",
                        "http://www.redskins.com",
                        "http://www.reddit.com",
                        "http://www.ready.gov",
                        "http://www.qvc.de",
                        "http://www.psu.edu",
                        "http://www.procon.org",
                        "http://www.plus.google.com",
                        "http://www.planethistory.com",
                        "http://www.philly.com",
                        "http://www.periscope.tv",
                        "http://www.popysdiary.com",
                        "http://www.pearson.com",
                        "http://www.patriots.com",
                        "http://www.oyster.com",
                        "http://www.ookla.com",
                        "http://www.oemsecrets.com",
                        "http://www.odfl.com",
                        "http://www.northernlight.com",
                        "http://www.northamericanwhitetail.com",
                        "http://www.north-africa.com",
                        "http://www.nordeste.com",
                        "http://www.noradsanta.org",
                        "http://www.nndb.com",
                        "http://www.nmcrs.org",
                        "http://www.nilemedia.com",
                        "http://www.nike.com",
                        "http://www.nih.gov",
                        "http://www.nic.at",
                        "http://www.nflplayerengagement.com",
                        "http://www.nflplayercare.com",
                        "http://www.newyorker.com",
                        "http://www.newwebdirectory.com",
                        "http://www.newsy.com",
                        "http://www.newsweek.com",
                        "http://www.newstips.org",
                        "http://www.newsroom.aaa.com",
                        "http://www.newsmax.com",
                        "http://www.newsisfree.com",
                        "http://www.newcars.com",
                        "http://www.netbase.com",
                        "http://www.nbda.org",
                        "http://www.natsci.colostate.edu",
                        "http://www.naric.com",
                        "http://www.nannynetwork.com",
                        "http://www.nadaguides.com",
                        "http://www.myparentime.com",
                        "http://www.mozilla.com",
                        "http://www.movabletype.com",
                        "http://www.motherjones.com",
                        "http://www.mmh.com",
                        "http://www.miga.org",
                        "http://www.microsoftvirtualacademy.com",
                        "http://www.miamiindulge.com",
                        "http://www.miamidolphins.com",
                        "http://www.memri.org",
                        "http://www.meforum.org",
                        "http://www.meed.com",
                        "http://www.mediamiser.com",
                        "http://www.mbp.state.md.us",
                        "http://www.mba-online-program.com",
                        "http://www.mayoclinic.org",
                        "http://www.manta.com",
                        "http://www.majuredata.com",
                        "http://www.makeup.com",
                        "http://www.lyricsworld.com",
                        "http://www.lpaonline.org",
                        "http://www.yss.com",
                        "http://zenhabits.net",
                        "http://zea.wikipedia.org",
                        "http://za.wikipedia.org",
                        "http://youreconomy.org",
                        "http://yucatan.backpage.mx",
                        "http://youngstown.backpage.com",
                        "http://youngadults.about.com",
                        "http://yahoo.match.com",
                        "http://xfinity.cnbc.com",
                        "http://www.cdc.gov",
                        "http://www.zergnet.com",
                        "http://www.ziffdavis.com",
                        "http://www.zepol.com",
                        "http://www.yourmiddleeast.com",
                        "http://www.yummynames.com",
                        "http://www.yss.com",
                        "http://www.yourversion.com",
                        "http://www.yhd.com",
                        "http://www.worldairlineawards.com",
                        "http://www.womenshealthmag.com",
                        "http://www.wolframalpha.com",
                        "http://www.wolfram.com",
                        "http://www.witi.com",
                        "http://www.wiseradar.com",
                        "http://www.winzip.com",
                        "http://www.wine.com",
                        "http://www.wimp.com",
                        "http://www.vos.noaa.gov",
                        "http://www.visitorville.com",
                        "http://www.vikings.com",
                        "http://www.vice.com",
                        "http://www.va.gov",
                        "http://www.usxpress.com",
                        "http://www.usairways.com",
                        "http://www.twilert.com",
                        "http://www.tvguide.com",
                        "http://www.tribpub.com",
                        "http://www.traveltune.com",
                        "http://www.travelpod.com",
                        "http://www.trackurstatus.com",
                        "http://www.toptensocialmedia.com",
                        "http://www.toptenreviews.com",
                        "http://www.surfwax.com",
                        "http://www.sublimetext.com",
                        "http://www.stratcom.mil",
                        "http://www.stopfakes.gov",
                        "http://www.stanford.edu",
                        "http://www.stanfordchildrens.org",
                        "http://www.spotify.com",
                        "http://www.spj.org",
                        "http://www.score.org",
                        "http://www.science.gov",
                        "http://www.rollingstone.com",
                        "http://www.rferl.org",
                        "http://www.register.com",
                        "http://www.redskins.com",
                        "http://www.reddit.com",
                        "http://www.ready.gov",
                        "http://www.qvc.de",
                        "http://www.psu.edu",
                        "http://www.procon.org",
                        "http://www.plus.google.com",
                        "http://www.planethistory.com",
                        "http://www.philly.com",
                        "http://www.periscope.tv",
                        "http://www.popysdiary.com",
                        "http://www.pearson.com",
                        "http://www.patriots.com",
                        "http://www.oyster.com",
                        "http://www.ookla.com",
                        "http://www.oemsecrets.com",
                        "http://www.odfl.com",
                        "http://www.northernlight.com",
                        "http://www.northamericanwhitetail.com",
                        "http://www.north-africa.com",
                        "http://www.nordeste.com",
                        "http://www.noradsanta.org",
                        "http://www.nndb.com",
                        "http://www.nmcrs.org",
                        "http://www.nilemedia.com",
                        "http://www.nike.com",
                        "http://www.nih.gov",
                        "http://www.nic.at",
                        "http://www.nflplayerengagement.com",
                        "http://www.nflplayercare.com",
                        "http://www.newyorker.com",
                        "http://www.newwebdirectory.com",
                        "http://www.newsy.com",
                        "http://www.newsweek.com",
                        "http://www.newstips.org",
                        "http://www.newsroom.aaa.com",
                        "http://www.newsmax.com",
                        "http://www.newsisfree.com",
                        "http://www.newcars.com",
                        "http://www.netbase.com",
                        "http://www.nbda.org",
                        "http://www.natsci.colostate.edu",
                        "http://www.naric.com",
                        "http://www.nannynetwork.com",
                        "http://www.nadaguides.com",
                        "http://www.myparentime.com",
                        "http://www.mozilla.com",
                        "http://www.movabletype.com",
                        "http://www.motherjones.com",
                        "http://www.mmh.com",
                        "http://www.miga.org",
                        "http://www.microsoftvirtualacademy.com",
                        "http://www.miamiindulge.com",
                        "http://www.miamidolphins.com",
                        "http://www.memri.org",
                        "http://www.meforum.org",
                        "http://www.meed.com",
                        "http://www.mediamiser.com",
                        "http://www.mbp.state.md.us",
                        "http://www.mba-online-program.com",
                        "http://www.mayoclinic.org",
                        "http://www.manta.com",
                        "http://www.majuredata.com",
                        "http://www.makeup.com",
                        "http://www.lyricsworld.com",
                        "http://www.lpaonline.org",
                        {
                            "Uri": "http://httpbin.org/post",
                            "Category": "cat1",
                            "Method": "POST",
                            "Headers": {
                                "1": "a",
                                "2": "b"
                            },
                            "FormValues": {
                                "1": "a",
                                "2": "b"
                            }
                        },
                        {
                            "Uri": "http://httpbin.org/put",
                            "Category": "cat1",
                            "Method": "PUT",
                            "Headers": {
                                "1": "a",
                                "2": "b"
                            },
                            "Body": "body"
                        },
                        {
                            "Uri": "http://httpbin.org/delete",
                            "Category": "cat1",
                            "Method": "DELETE"
                        }
                    ],
                    "DelayAfter": 3000,
                    "DelayBefore": 0
                }
            ]
        }
    ]
}